Type,Class,Name,March,April,May,June,July,August,S13 August,S13 September
Skill,Amazon,Jab,188,165,142,174,171,172,171,169
Skill,Amazon,Power Strike,1336,1358,1335,1365,1286,1306,1295,1274
Skill,Amazon,Poison Javelin,348,392,368,369,365,366,346,326
Skill,Amazon,Fend,74,54,53,53,54,54,54,53
Skill,Amazon,Lightning Bolt,1282,1300,1279,1275,1212,1232,1222,1220
Skill,Amazon,Charged Strike,977,997,999,999,932,952,958,958
Skill,Amazon,Plague Javelin,408,464,424,422,417,418,397,377
Skill,Amazon,Molten Strike,109,51,32,51,51,51,51,51
Skill,Amazon,Lightning Strike,635,647,642,625,599,610,626,614
Skill,Amazon,Lightning Fury,1381,1381,1360,1380,1290,1310,1290,1270
Skill,Amazon,Inner Sight,270,261,263,262,261,261,260,258
Skill,Amazon,Lethal Strike,1335,1315,1326,1327,1331,1331,1316,1298
Skill,Amazon,Phase Run,374,377,380,387,374,374,371,364
Skill,Amazon,Dodge,394,369,371,366,369,369,367,365
Skill,Amazon,Avoid,374,346,351,346,349,349,346,344
Skill,Amazon,Penetrate,768,729,714,727,739,739,740,711
Skill,Amazon,Evade,267,252,257,255,258,258,257,254
Skill,Amazon,Decoy,127,126,125,124,123,123,123,122
Skill,Amazon,Valkyrie,756,714,713,729,693,693,700,691
Skill,Amazon,Pierce,927,917,902,919,915,916,913,909
Skill,Amazon,Cold Arrow,817,829,896,897,938,937,957,995
Skill,Amazon,Magic Arrow,266,288,311,310,340,339,340,326
Skill,Amazon,Multiple Shot,1340,1349,1382,1361,1394,1383,1364,1357
Skill,Amazon,Fire Arrow,1074,1060,1105,1098,1153,1164,1146,1143
Skill,Amazon,Ice Arrow,697,737,815,797,837,837,858,898
Skill,Amazon,Guided Arrow,270,298,305,306,291,289,289,288
Skill,Amazon,Exploding Arrow,578,561,557,536,567,583,578,576
Skill,Amazon,Strafe,375,431,451,450,467,466,486,472
Skill,Amazon,Immolation Arrow,1299,1318,1341,1304,1341,1321,1326,1324
Skill,Amazon,Freezing Arrow,580,627,668,685,725,725,746,786
Skill,Assassin,Dragon Claw,103,105,112,111,115,116,115,112
Skill,Assassin,Tiger Strike,191,172,171,172,175,174,175,155
Skill,Assassin,Dragon Talon,120,122,129,128,132,133,150,128
Skill,Assassin,Fists of Fire,622,655,751,750,754,736,676,656
Skill,Assassin,Cobra Strike,305,349,392,393,413,403,412,398
Skill,Assassin,Claws of Thunder,671,693,812,811,815,797,756,736
Skill,Assassin,Dragon Flight,139,141,148,147,151,152,169,147
Skill,Assassin,Blades of Ice,807,809,928,925,947,948,881,861
Skill,Assassin,Claw Mastery,574,541,586,582,571,591,580,541
Skill,Assassin,Psychic Hammer,235,216,202,223,223,222,262,241
Skill,Assassin,Burst of Speed,637,610,591,606,594,595,599,598
Skill,Assassin,Weapon Block,240,247,268,260,262,256,259,242
Skill,Assassin,Cloak of Shadows,238,219,205,226,226,225,264,244
Skill,Assassin,Fade,252,252,273,274,273,273,289,272
Skill,Assassin,Shadow Warrior,91,71,143,147,148,147,149,147
Skill,Assassin,Mind Blast,179,156,137,157,156,156,195,175
Skill,Assassin,Venom,268,286,315,331,334,335,355,332
Skill,Assassin,Shadow Master,645,637,680,740,769,768,827,767
Skill,Assassin,Fire Blast,2683,2675,2579,2551,2587,2607,2594,2654
Skill,Assassin,Shock Web,231,237,240,222,193,193,174,174
Skill,Assassin,Blade Throw,500,527,491,499,504,516,516,523
Skill,Assassin,Charged Bolt Sentry,255,268,268,250,212,212,192,193
Skill,Assassin,Wake of Fire,2670,2651,2553,2535,2575,2595,2576,2636
Skill,Assassin,Blade Fury,934,900,902,904,932,967,1007,1022
Skill,Assassin,Lightning Sentry,488,469,469,452,414,415,405,422
Skill,Assassin,Wake of Inferno,2663,2643,2544,2524,2543,2563,2543,2603
Skill,Assassin,Death Sentry,629,605,584,579,563,549,546,566
Skill,Assassin,Blade Shield,2256,2290,2213,2208,2246,2293,2308,2344
Skill,Barbarian,Howl,194,193,211,211,192,192,192,191
Skill,Barbarian,Find Potion,150,151,154,153,153,153,153,153
Skill,Barbarian,Taunt,411,450,451,488,545,525,526,543
Skill,Barbarian,Shout,500,501,518,484,483,483,482,481
Skill,Barbarian,Find Item,223,227,249,228,247,247,247,249
Skill,Barbarian,Battle Cry,2184,2188,2095,2058,2102,2117,2127,2087
Skill,Barbarian,Battle Orders,1652,1654,1749,1746,1813,1810,1810,1818
Skill,Barbarian,Grim Ward,1589,1591,1630,1592,1600,1633,1655,1630
Skill,Barbarian,War Cry,338,377,354,393,453,433,433,453
Skill,Barbarian,Battle Command,993,995,963,949,966,950,917,916
Skill,Barbarian,Edged Weapon Mastery,632,653,652,705,678,681,681,677
Skill,Barbarian,Pole Weapon Mastery,803,781,775,734,734,735,730,748
Skill,Barbarian,Blunt Weapon Mastery,601,638,677,677,637,598,599,578
Skill,Barbarian,Thrown Weapon Mastery,121,102,142,168,168,168,189,210
Skill,Barbarian,Increased Stamina,260,259,240,254,258,239,239,239
Skill,Barbarian,Counter Attack,129,129,110,111,110,108,101,100
Skill,Barbarian,Iron Skin,364,365,377,377,378,378,391,391
Skill,Barbarian,Increased Speed,250,249,235,216,215,234,225,225
Skill,Barbarian,Puncture,165,165,143,144,144,143,144,143
Skill,Barbarian,Natural Resistance,320,328,329,317,331,324,308,308
Skill,Barbarian,Whirling Axes,2221,2201,2103,2023,1984,2003,2005,1945
Skill,Barbarian,Double Swing,2133,2082,1989,1951,1928,1947,1908,1849
Skill,Barbarian,Concentrate,152,151,191,191,169,169,168,166
Skill,Barbarian,Cleave,241,220,222,241,238,239,239,237
Skill,Barbarian,Frenzy,335,334,296,308,306,305,265,267
Skill,Barbarian,Stun,151,150,171,188,166,166,168,166
Skill,Barbarian,Leap Slam,387,385,405,424,421,441,460,458
Skill,Barbarian,Double Throw,0,0,0,0,,0,0,0
Skill,Barbarian,Bash,330,313,353,411,379,380,415,432
Skill,Barbarian,Ethereal Throw,143,123,124,164,164,164,184,205
Skill,Barbarian,Whirlwind,1550,1541,1509,1483,1463,1425,1426,1401
Skill,Druid,Firestorm,448,501,527,545,577,577,585,586
Skill,Druid,Molten Boulder,1081,1079,1080,1079,1133,1152,1146,1147
Skill,Druid,Flame Dash,1058,1045,1012,1026,1031,1050,990,990
Skill,Druid,Arctic Blast,203,231,178,213,233,194,193,213
Skill,Druid,Fissure,351,354,355,355,359,360,359,360
Skill,Druid,Cyclone Armor,258,203,185,226,239,208,210,230
Skill,Druid,Twister,444,445,364,420,424,423,425,445
Skill,Druid,Volcano,213,246,258,258,281,282,300,301
Skill,Druid,Tornado,531,566,454,477,510,497,497,498
Skill,Druid,Armageddon,558,619,639,620,689,691,688,689
Skill,Druid,Hurricane,668,726,587,630,618,618,630,650
Skill,Druid,Werewolf,294,334,358,365,362,382,389,380
Skill,Druid,Lycanthropy,1678,1733,1764,1754,1712,1732,1772,1772
Skill,Druid,Werebear,671,632,654,607,588,588,608,608
Skill,Druid,Feral Rage,147,152,185,194,191,192,209,201
Skill,Druid,Maul,917,873,886,825,807,807,827,827
Skill,Druid,Rabies,988,1011,1012,1034,1012,1013,1033,1032
Skill,Druid,Fire Claws,101,82,102,82,122,122,142,142
Skill,Druid,Hunger,0,0,0,1,,0,0,0
Skill,Druid,Shock Wave,703,663,683,643,623,623,643,643
Skill,Druid,Fury,151,217,237,276,256,275,276,256
Skill,Druid,Raven,211,189,189,207,204,185,184,188
Skill,Druid,Poison Creeper,1133,1146,1152,1170,1130,1131,1133,1134
Skill,Druid,Heart of Wolverine,1051,1059,1130,1122,1064,1064,1050,1032
Skill,Druid,Summon Spirit Wolf,731,647,655,638,593,599,580,581
Skill,Druid,Carrion Vine,52,44,45,57,57,58,58,59
Skill,Druid,Oak Sage,1607,1618,1603,1586,1532,1513,1549,1531
Skill,Druid,Summon Dire Wolf,1857,1798,1848,1792,1729,1739,1740,1741
Skill,Druid,Solar Creeper,29,36,28,44,44,45,46,46
Skill,Druid,Spirit of Barbs,60,59,59,57,34,35,36,37
Skill,Druid,Summon Grizzly,1170,1046,1065,1026,991,994,977,959
Skill,Necromancer,Summon Mastery,2308,2360,2397,2430,2487,2481,2460,2473
Skill,Necromancer,Raise Skeleton Warrior,560,615,583,603,606,606,617,636
Skill,Necromancer,Bone Offering,32,35,35,36,35,35,35,34
Skill,Necromancer,Clay Golem,227,223,227,223,225,223,218,216
Skill,Necromancer,Flesh Offering,50,50,51,50,51,51,51,64
Skill,Necromancer,Raise Skeletal Mage,428,522,527,544,566,566,550,570
Skill,Necromancer,Blood Golem,389,389,402,402,393,391,386,403
Skill,Necromancer,Convocation,2256,2162,2252,2285,2315,2327,2298,2239
Skill,Necromancer,Iron Golem,113,116,120,124,129,129,127,126
Skill,Necromancer,Fire Golem,1744,1748,1828,1869,1915,1896,1875,1855
Skill,Necromancer,Revive,484,518,513,528,544,528,520,520
Skill,Necromancer,Deadly Poison,615,591,663,705,745,744,723,703
Skill,Necromancer,Teeth,25,25,45,45,45,25,25,25
Skill,Necromancer,Bone Armor,209,200,210,211,212,210,197,195
Skill,Necromancer,Corpse Explosion,1992,1965,2067,2103,2162,2141,2100,2079
Skill,Necromancer,Desecrate,979,930,1018,1077,1117,1116,1095,1075
Skill,Necromancer,Bone Spear,35,35,55,55,55,35,34,34
Skill,Necromancer,Bone Wall,341,325,328,331,325,324,314,275
Skill,Necromancer,Bone Spirit,21,19,39,39,39,33,33,33
Skill,Necromancer,Poison Nova,652,613,672,708,748,748,736,716
Skill,Necromancer,Amplify Damage,63,66,84,86,97,96,106,106
Skill,Necromancer,Dim Vision,574,544,534,500,467,447,415,397
Skill,Necromancer,Hemorrhage,2360,2200,2120,2000,1941,1921,1861,1821
Skill,Necromancer,Weaken,2352,2195,2115,1995,1935,1915,1855,1815
Skill,Necromancer,Iron Maiden,2338,2200,2120,2000,1940,1920,1860,1820
Skill,Necromancer,Terror,1,1,1,1,1,1,1,1
Skill,Necromancer,Confuse,4,4,4,4,7,7,7,7
Skill,Necromancer,Life Tap,2360,2204,2123,2003,1943,1923,1863,1823
Skill,Necromancer,Attract,5,5,5,4,4,4,4,4
Skill,Necromancer,Decrepify,236,228,229,228,229,227,218,218
Skill,Necromancer,Lower Resist,356,342,398,402,427,432,431,430
Skill,Paladin,Prayer,234,234,231,229,243,245,243,241
Skill,Paladin,Resist Fire,305,342,387,405,403,422,443,428
Skill,Paladin,Defiance,680,730,703,707,698,700,724,722
Skill,Paladin,Resist Cold,138,130,159,180,178,195,188,207
Skill,Paladin,Cleansing,396,396,408,407,383,384,403,401
Skill,Paladin,Resist Lightning,501,481,541,562,523,544,584,584
Skill,Paladin,Vigor,1006,969,991,1012,951,931,892,909
Skill,Paladin,Meditation,31,32,31,31,34,34,34,34
Skill,Paladin,Redemption,187,182,201,219,215,213,195,199
Skill,Paladin,Salvation,738,748,861,919,898,920,940,921
Skill,Paladin,Might,285,292,346,345,345,363,344,343
Skill,Paladin,Holy Fire,140,152,132,129,132,131,132,130
Skill,Paladin,Precision,128,125,104,100,104,102,104,101
Skill,Paladin,Blessed Aim,870,853,849,890,830,809,770,790
Skill,Paladin,Concentration,778,741,717,758,698,677,638,638
Skill,Paladin,Holy Freeze,263,241,260,276,260,259,260,277
Skill,Paladin,Holy Shock,1454,1401,1419,1393,1468,1450,1450,1448
Skill,Paladin,Sanctuary,1258,1198,1139,1062,1090,1070,1091,1050
Skill,Paladin,Fanaticism,679,721,641,642,641,640,660,660
Skill,Paladin,Conviction,573,547,574,560,586,565,566,544
Skill,Paladin,Sacrifice,285,380,377,373,393,393,373,370
Skill,Paladin,Smite,765,826,777,776,758,776,777,775
Skill,Paladin,Holy Bolt,1811,1733,1674,1597,1693,1673,1674,1653
Skill,Paladin,Zeal,351,455,447,424,448,447,428,419
Skill,Paladin,Charge,427,424,462,479,480,517,540,538
Skill,Paladin,Vengeance,183,173,189,185,189,188,188,187
Skill,Paladin,Blessed Hammer,1010,986,984,1021,965,945,908,925
Skill,Paladin,Absolution,121,118,94,90,95,94,94,93
Skill,Paladin,Holy Shield,2058,2124,2076,2049,2049,2069,2099,2086
Skill,Paladin,Fist of the Heavens,1715,1644,1564,1484,1584,1564,1564,1544
Skill,Paladin,Dashing Strike,277,257,244,248,228,249,270,270
Skill,Sorceress,Ice Bolt,763,736,794,763,750,743,776,772
Skill,Sorceress,Frigerate,482,494,523,539,578,558,559,550
Skill,Sorceress,Frost Nova,411,388,391,452,473,472,471,432
Skill,Sorceress,Ice Blast,1307,1228,1276,1259,1262,1261,1299,1286
Skill,Sorceress,Shiver Armor,830,823,853,891,933,913,909,901
Skill,Sorceress,Glacial Spike,997,946,1005,958,934,933,971,972
Skill,Sorceress,Blizzard,238,217,220,238,249,248,249,250
Skill,Sorceress,Freezing Pulse,841,785,825,801,764,764,784,784
Skill,Sorceress,Chilling Armor,20,11,13,11,10,10,10,9
Skill,Sorceress,Frozen Orb,673,668,732,737,754,734,714,734
Skill,Sorceress,Cold Mastery,2099,1998,2065,2069,2069,2049,2069,2069
Skill,Sorceress,Charged Bolt,813,750,750,735,718,699,644,677
Skill,Sorceress,Static Field,268,274,272,267,271,268,268,268
Skill,Sorceress,Telekinesis,1889,1967,2048,2130,2172,2170,2219,2220
Skill,Sorceress,Nova,545,548,547,527,527,547,549,549
Skill,Sorceress,Lightning Surge,1493,1505,1591,1613,1619,1608,1601,1628
Skill,Sorceress,Chain Lightning,743,706,711,694,715,716,661,700
Skill,Sorceress,Teleport,1548,1566,1663,1734,1755,1749,1767,1739
Skill,Sorceress,Discharge,453,456,453,434,414,435,453,472
Skill,Sorceress,Thunder Storm,1176,1225,1307,1367,1386,1386,1418,1411
Skill,Sorceress,Energy Shield,505,521,557,573,595,597,610,612
Skill,Sorceress,Lightning Mastery,2421,2414,2492,2510,2503,2504,2488,2504
Skill,Sorceress,Fire Bolt,378,357,419,431,450,448,452,432
Skill,Sorceress,Warmth,1484,1487,1538,1600,1639,1618,1611,1625
Skill,Sorceress,Inferno,69,90,110,110,109,109,109,110
Skill,Sorceress,Immolate,47,47,47,47,46,46,46,66
Skill,Sorceress,Fire Ball,501,482,522,513,512,503,503,505
Skill,Sorceress,Fire Wall,27,27,28,28,40,40,40,40
Skill,Sorceress,Enflame,524,497,499,544,563,540,537,536
Skill,Sorceress,Meteor,102,102,103,84,62,62,68,68
Skill,Sorceress,Hydra,1301,1236,1256,1353,1360,1333,1293,1273
Skill,Sorceress,Fire Mastery,1271,1303,1342,1445,1447,1399,1360,1359
Unique,,Alma Negra,7,7,6,6,7,7,7,7
Unique,,Andariel's Visage,52,53,56,55,54,55,52,54
Unique,,Arachnid Mesh,425,437,448,455,463,466,465,471
Unique,,Arioc's Needle,0,0,0,0,,1,1,0
Unique,,Arkaine's Valor,19,20,23,21,22,22,22,23
Unique,,Arm of King Leoric,2,4,4,4,4,5,6,6
Unique,,Arreat's Face,105,102,106,105,106,107,105,105
Unique,,Astreon's Iron Ward,6,7,5,5,4,4,4,4
Unique,,Athena's Wrath,0,0,0,0,,0,0,0
Unique,,Atma's Scarab,21,17,17,18,16,16,18,19
Unique,,Atma's Wail,0,0,0,0,,0,0,0
Unique,,Axe of Fechmar,1,1,0,0,,0,0,0
Unique,,Azurewrath,12,11,11,10,11,12,12,12
Unique,,Baezil's Vortex,2,2,2,1,0(+1),0(+1),0(+1),0(+1)
Unique,,Bane Ash,1,1,1,1,0(+1),0(+1),0(+1),0(+1)
Unique,,Baranar's Star,0,0,0,0,,0,0,0
Unique,,Bartuc's Cut-Throat,23,24,27,26,27,26,26,24
Unique,,Biggin's Bonnet,1,1,1,1,1,1,1,1
Unique,,Bing Sz Wang,1,2,2,2,2,1,1,1
Unique,,Black Hades,0,0,0,0,,0,0,0
Unique,,Blackbog's Sharp,0,0,0,0,1,1,1,1
Unique,,Blackhand Key,1,1,2,2,2(+1),2(+1),2(+1),2(+1)
Unique,,Blackhorn's Face,0,0,0,1,,0,0,0
Unique,,Blackleach Blade,0,0,0,0,,0,0,0
Unique,,Blackoak Shield,2,2,3,3,3,3,4,5
Unique,,Blacktongue,0,0,0,0,,0,0,0
Unique,,Blade Of Ali Baba,0,0,0,0,,0,0,0
Unique,,Bladebone,0,0,0,0,,0,0,0
Unique,,Bladebuckle,4,3,2,2,2,2,2,2
Unique,,Blastbark,0,0,0,0,,0,0,0
Unique,,Blinkbat's Form,0,0,0,0,,0,0,0
Unique,,Blood Crescent,0,0,0,0,,0,0,0
Unique,,Blood Raven's Charge,0,0,0,0,,0,0,1
Unique,,Bloodfist,11,9,9,10,9,9,7,7
Unique,,Bloodletter,2,2,2,2,1(+1),1(+1),1,1
Unique,,Bloodmoon,0,0,0,0,,0,0,0
Unique,,Bloodrise,0,0,0,0,,0,1,0
Unique,,Bloodthief,0,0,0,0,,0,0,0
Unique,,Bloodtree Stump,1,1,1,1,0(+1),0(+1),0(+1),0(+1)
Unique,,Boneflame,6,8,7,8,9,10,11,11
Unique,,Boneflesh,0,0,0,0,,0,0,0
Unique,,Bonehew,0,0,0,0,,0,0,0
Unique,,Boneshade,3,3,4,4,3,2(+1),2(+1),3(+1)
Unique,,Boneslayer Blade,0,0,0,0,,0,0,0
Unique,,Bonesnap,2,3,2,2,1(+1),1(+1),1(+1),1(+1)
Unique,,Brainhew,0,0,1,1,0(+1),0(+1),0(+1),0(+1)
Unique,,Bul-Kathos' Wedding Band,222,239,242,250,262,259,264,265
Unique,,Buriza-Do Kyanon,8,7,7,7,6(+1),6(+1),6(+1),7(+1)
Unique,,Butcher's Pupil,1,1,1,1,1,1,1,1
Unique,,Bverrit Keep,0,0,0,0,,0,0,0
Unique,,Carin Shard,3,3,3,3,0(+3),0(+3),0(+3),0(+2)
Unique,,Carrion Wind,66,61,68,69,64,65,63,64
Unique,,Cerebus' Bite,2,3,3,3,3,3,3,3
Unique,,Chance Guards,58,55,55,58,58,57,58,59
Unique,,Chromatic Ire,0,0,0,0,,0,0,0
Unique,,Cliffkiller,1,0,0,0,,0,0,0
Unique,,Cloudcrack,0,0,0,0,,0,0,0
Unique,,Coif of Glory,0,0,0,0,,0,0,0
Unique,,Coldkill,0,0,0,0,,0,0,0
Unique,,Coldsteel Eye,0,0,0,0,,0,0,0
Unique,,Corpsemourn,0,0,0,0,,0,0,0
Unique,,Crainte Vomir,1,1,1,1,0(+1),0(+1),0(+1),0(+1)
Unique,,Cranebeak,2,2,2,2,1,1,1,1
Unique,,Crescent Moon,3,3,3,2,2,2,1,1
Unique,,Crow Caw,0,0,0,0,,0,0,0
Unique,,Crown of Ages,16,15,18,20,19,20,20,18
Unique,,Crown of Thieves,1,1,1,1,,1,1,1
Unique,,Crushflange,0,0,0,0,,0,1,0(+1)
Unique,,Culwen's Point,3,2,2,2,1(+1),1(+1),1(+2),1(+3)
Unique,,Dark Clan Crusher,6,6,6,7,7,7,6,5
Unique,,Darkforce Spawn,1,1,1,2,2,2,2,2
Unique,,Darkglow,0,0,0,0,,0,0,0
Unique,,Darksight Helm,0,0,0,0,,0,0,0
Unique,,Death Cleaver,5,6,3,3,3,3,4,4
Unique,,Deathbit,0,0,0,0,,0,0,0
Unique,,Death's Fathom,16,15,19,19,18,18,19,19
Unique,,Death's Web,18,17,17,18,20,20,21,21(+1)
Unique,,Deathspade,0,0,0,0,,0,0,0
Unique,,Demon Limb,48,46,48,45,46,46,46,44
Unique,,Demon Machine,1,1,1,1,0(+1),0(+1),0(+1),0(+1)
Unique,,Demonhorn's Edge,0,0,1,1,1,1,1,1
Unique,,Demon's Arch,1,1,1,1,1,1,1,1
Unique,,Dimoak's Hew,0,0,0,0,,0,0,0
Unique,,Djinn Slayer,1,2,1,1,1,1,1,1
Unique,,Doombringer,0,0,1,1,1,1,1,1
Unique,,Doomslinger,13,16,18,18,19,18,18,16
Unique,,Dracul's Grasp,90,101,110,104,105,105,108,109
Unique,,Dragonscale,1,0,0,0,,0,1,1
Unique,,Duriel's Shell,11,7,8,7,6,6,6,6
Unique,,Duskdeep,0,0,0,0,,0,0,0
Unique,,Dwarf Star,86,82,81,77,79,81,76,82
Unique,,Eaglehorn,3,3,3,3,2(+1),2(+1),2(+1),2(+1)
Unique,,Earth Shifter,7,7,8,8,7(+1),7(+1),7(+1),7(+1)
Unique,,Earthshaker,1,1,1,1,1,1,1,1
Unique,,Endlesshail,0,0,1,0,0(+1),0(+1),0(+1),0(+1)
Unique,,Eschuta's Temper,24,23,23,21,20,20,21,20
Unique,,Ethereal Edge,0,0,0,0,,0,0,0
Unique,,Executioner's Justice,1,1,2,1,1,1,1,1
Unique,,Felloak,0,0,0,0,,0,0,0
Unique,,Firelizard's Talons,4,4,3,3,2,2,2,2
Unique,,Flamebellow,2,2,2,2,2,2,2,2
Unique,,Fleshrender,8,8,8,9,7(+1),7(+1),6(+1),6(+1)
Unique,,Fleshripper,4,3,4,4,3(+1),3(+1),3(+1),4
Unique,,Frostburn,33,33,32,29,31,29,30,29
Unique,,Frostwind,12,13,14,14,14,14,14,14
Unique,,Gargoyle's Bite,1,1,1,1,0(+1),0(+1),0(+1),0(+1)
Unique,,Gerke's Sanctuary,3,5,4,5,4,4,5,4
Unique,,Ghostflame,0,0,1,1,1,1,1,1
Unique,,Ghoulhide,2,2,2,2,2,2,3,4
Unique,,Giant Skull,1,1,1,1,2,2,2,2
Unique,,Gimmershred,0,0,0,0,,0,0,0
Unique,,Ginther's Rift,0,0,0,0,,0,0,0
Unique,,Gleamscythe,1,0,0,1,0(+1),0(+1),0(+2),0(+2)
Unique,,Gloom's Trap,2,1,1,1,2,2,1,1
Unique,,Goblin Toe,9,10,10,9,8,8,8,8
Unique,,Goldskin,4,1,1,1,1,1,1,1
Unique,,Goldstrike Arch,0,0,0,1,1,1,1,0
Unique,,Goldwrap,74,65,64,57,59,60,56,55
Unique,,Gore Rider,150,144,145,147,144,147,156,154
Unique,,Gorefoot,0,0,0,1,1,1,1,0
Unique,,Goreshovel,0,1,1,1,1,1,1,1
Unique,,Gravenspine,2,1,1,1,0(+1),0(+1),0(+1),0(+1)
Unique,,Gravepalm,1,1,1,1,1,1,1,1
Unique,,Greyform,0,0,0,0,,0,0,0
Unique,,Griffon's Eye,94,95,96,95,93,94,95,93
Unique,,Grim's Burning Dead,0,0,0,0,,0,0,0
Unique,,Griswold's Edge,1,0,0,0,,0,0,0
Unique,,Guardian Angel,22,21,17,18,18,18,17,18
Unique,,Guardian Naga,1,1,1,1,,0,0,0
Unique,,Gull,11,12,9,8,10,9,9,8
Unique,,Gut Siphon,0,0,0,0,,0,0,0
Unique,,Halaberd's Reign,1,1,1,1,1,1,1,1
Unique,,Hand of Blessed Light,3,2,2,2,1(+1),1(+1),1(+1),1(+2)
Unique,,Harlequin Crest,401,387,384,389,388,391,392,393
Unique,,Hawkmail,0,0,0,1,1,1,1,0
Unique,,Head Hunter's Glory,0,0,0,0,,0,1,0
Unique,,Headstriker,27,26,25,24,23,23,24,24
Unique,,Heart Carver,3,2,3,3,3(+1),3(+1),3(+1),3(+1)
Unique,,Heavenly Garb,0,0,1,1,1,1,1,1
Unique,,Heaven's Light,7,5,6,6,4(+1),4(+1),5(+1),5(+1)
Unique,,Hellcast,1,1,1,1,1,1,1,1
Unique,,Hellclap,0,0,0,1,1,0,0,0
Unique,,Hellmouth,0,0,0,0,,0,1,1
Unique,,Hellplague,1,1,1,1,0(+1),0(+1),0(+1),0(+1)
Unique,,Hellrack,2,2,2,2,2,2,2,3
Unique,,Hellslayer,0,0,1,1,0(+1),0(+1),0(+1),0(+1)
Unique,,Herald Of Zakarum,0,0,0,0,,0,0,0
Unique,,Hexfire,5,3,4,5,4(+1),4(+1),5(+1),6(+1)
Unique,,Highlord's Wrath,154,148,150,153,152,156,156,157
Unique,,Homunculus,146,139,137,137,138,138,133,133
Unique,,Hone Sundan,1,1,1,1,0(+1),0(+1),0(+1),0(+1)
Unique,,Horizon's Tornado,0,1,2,2,1(+1),1(+1),1(+1),1(+2)
Unique,,Hotspur,0,0,0,0,,0,0,0
Unique,,Howltusk,0,0,0,0,,0,0,0
Unique,,Humongous,0,0,0,0,,0,0,0
Unique,,Husoldal Evo,0,0,0,0,,0,0,0
Unique,,Iceblink,0,1,0,0,,0,0,0
Unique,,Ichorsting,0,0,0,0,,0,0,0
Unique,,Infernostride,6,7,8,8,8,8,8,8
Unique,,Iron Pelt,0,0,0,0,,0,0,0
Unique,,Ironstone,1,1,1,1,0(+1),0(+1),0(+1),0(+1)
Unique,,Islestrike,2,2,2,2,1(+1),1(+1),1(+2),1(+1)
Unique,,Jade Talon,5,5,7,4,2(+1),2(+1),2(+1),3(+1)
Unique,,Jalal's Mane,86,84,86,85,78,79,81,80
Unique,,Kelpie Snare,0,0,0,0,,0,0,0
Unique,,Kinemil's Awl,0,0,0,0,,0,0,0
Unique,,Kira's Guardian,11,10,10,10,9,9,10,8
Unique,,Knell Striker,1,1,1,1,0(+1),0(+1),0(+1),0(+1)
Unique,,Kuko Shakaku,2,2,2,3,2(+1),2(+1),2(+1),2(+1)
Unique,,Lacerator,4,4,4,3,3,3,3,3
Unique,,Lance Guard,2,1,1,1,1,1,1,1
Unique,,Lance of Yaggai,0,0,0,0,,0,0,0
Unique,,Langer Briser,0,0,0,0,,0,0,0
Unique,,Lava Gout,6,5,5,4,4,4,5,5
Unique,,Leadcrow,0,0,0,0,,0,0,0
Unique,,Lenymo,2,3,3,3,2,2,2,2
Unique,,Leviathan,4,4,6,4,4,3,2,2
Unique,,Lidless Wall,65,68,65,69,71,69,72,72
Unique,,Lightsabre,24,21,19,22,22(+1),23(+1),22(+1),22(+1)
Unique,,Lycander's Aim,0,0,0,0,,0,0(+1),0(+1)
Unique,,Lycander's Flank,0,0,0,0,,0,0,0
Unique,,Maelstrom,1,1,1,1,0(+1),0(+1),0(+1),0(+1)
Unique,,Magefist,307,301,309,320,323,325,320,320
Unique,,Magewrath,1,1,0,0,1,0(+1),0(+1),0
Unique,,Manald Heal,47,38,35,36,38,39,37,38
Unique,,Mang Song's Lesson,19,18,19,20,17(+3),16(+2),15(+1),16(+1)
Unique,,Mara's Kaleidoscope,270,287,287,292,300,299,294,295
Unique,,Marrowwalk,14,16,17,16,16,15,17,17
Unique,,Medusa's Gaze,154,160,164,170,173,173,172,175
Unique,,Messerschmidt's Reaver,0,0,0,1,,0,0,0
Unique,,Metalgrid,15,18,20,19,23,22,19,17
Unique,,Moonfall,0,0,0,0,,0,0,0
Unique,,Moser's Blessed Circle,4,3,2,3,4,4,4,4
Unique,,Nagelring,142,135,126,123,120,118,116,117
Unique,,Nature's Peace,25,22,24,23,25,25,28,28
Unique,,Nightsmoke,12,11,11,12,10,10,10,10
Unique,,Nightwing's Veil,23,28,31,30,30,28,32,33
Unique,,Nokozan Relic,3,2,2,2,1,1,1,1
Unique,,Nord's Tenderizer,0,0,0,0,,0,0,0
Unique,,Nosferatu's Coil,9,10,12,11,10,10,11,10
Unique,,Ondal's Wisdom,44,41,42,42,41(+1),41(+1),40,39
Unique,,Ormus' Robes,10,12,12,11,10,9,9,10
Unique,,Peasant Crown,6,5,5,4,4,4,4,4
Unique,,Pelta Lunata,1,1,1,1,1,1,1,1
Unique,,Pierre Tombale Couant,0,0,1,1,0(+1),0(+1),0(+1),0(+1)
Unique,,Plague Bearer,7,5,5,5,4,4,4(+1),4
Unique,,Pluckeye,0,0,0,0,,0,0,0
Unique,,Pompeii's Wrath,2,1,1,1,1,1,1,1
Unique,,Pus Spitter,0,0,0,1,1,0,0,0
Unique,,Que-Hegan's Wisdom,22,21,22,21,20,19,18,18
Unique,,Radament's Sphere,29,27,33,34,39,41,40,39
Unique,,Rakescar,2,1,1,1,0(+1),0(+1),0(+1),0(+1)
Unique,,Rattlecage,1,1,1,0,,0,1,0
Unique,,Raven Claw,1,1,2,2,1(+1),1(+1),1(+1),1(+1)
Unique,,Raven Frost,481,480,486,494,486,490,494,492
Unique,,Ravenlore,20,20,19,22,23,23,25,24
Unique,,Razor's Edge,0,0,0,0,,0,0,0
Unique,,Razorswitch,2,2,2,2,2,2,2,2
Unique,,Razortail,110,109,114,114,114,114,117,113
Unique,,Razortine,0,0,0,0,,0,0,0
Unique,,Ribcracker,1,0,1,1,2,2,2,2
Unique,,Riphook,0,0,0,0,,0,0,0
Unique,,Ripsaw,1,1,1,1,0(+1),0(+1),0(+1),0(+1)
Unique,,Rixot's Keen,1,1,1,1,0(+1),0(+1),0(+1),0(+2)
Unique,,Rockfleece,1,1,1,1,1,1,0,0
Unique,,Rockstopper,2,2,2,2,2,2,2,2
Unique,,Rogue's Bow,1,1,1,1,0(+1),0(+1),1(+1),0(+1)
Unique,,Rune Master,1,2,2,2,0(+2),0(+2),0(+3),0(+2)
Unique,,Rusthandle,1,1,1,1,0(+2),0(+1),0(+1),0(+1)
Unique,,Sandstorm Trek,68,66,73,76,78,77,73,75
Unique,,Saracen's Chance,10,10,10,9,8,8,7,7
Unique,,Schaefer's Hammer,0,0,0,0,,0,0,0
Unique,,Seraph's Hymn,34,31,33,34,33,34,35,36
Unique,,Serpent Lord,1,1,1,1,1,1,1,1
Unique,,Shadow Dancer,28,28,32,33,35,35,35,34
Unique,,Shadow Killer,4,3,3,3,2(+1),2(+1),2(+1),2(+1)
Unique,,Shadowfang,0,0,0,0,,0,0,0
Unique,,Shaftstop,4,5,6,5,5,5,5,6
Unique,,Silks of the Victor,0,0,0,0,,0,0,0
Unique,,Silkweave,189,187,192,200,207,208,212,211
Unique,,Skewer of Krintiz,0,0,0,0,,0,0,0
Unique,,Skin of the Flayed One,0,0,0,0,,0,0,0
Unique,,Skin of the Vipermagi,173,159,160,160,162,161,163,161
Unique,,Skull Collector,3,3,2,3,3,3,2,2
Unique,,Skull Splitter,0,0,0,0,,0,0,0
Unique,,Skullder's Ire,26,26,24,23,21,21,21,22
Unique,,Skystrike,2,2,2,2,1(+1),1(+1),1(+1),1(+1)
Unique,,Snakecord,0,0,0,0,,0,0,0
Unique,,Snowclash,8,8,6,7,7,7,8,8
Unique,,Soul Drainer,34,34,39,39,40,39,39,40
Unique,,Soul Harvest,0,0,0,1,0(+1),0(+1),0(+1),0(+1)
Unique,,Soulfeast Tine,0,0,0,0,,0,0,0
Unique,,Soulflay,0,0,0,0,,0,0,0
Unique,,Sparking Mail,0,0,0,0,,0,0,0
Unique,,Spectral Shard,1,1,1,1,,0,0,0
Unique,,Spellsteel,5,4,3,5,5,5,6,6
Unique,,Spike Thorn,1,1,1,1,1,1,1,1
Unique,,Spineripper,0,0,0,0,,0,0,0
Unique,,Spire of Honor,1,1,0,0,,0,0,0(+1)
Unique,,Spire of Lazarus,2,2,2,2,1(+1),1(+1),1(+1),1(+1)
Unique,,Spirit Forge,0,0,0,0,,0,0,0
Unique,,Spirit Keeper,2,1,1,1,1,1,1,1
Unique,,Spirit Ward,1,2,3,3,3,4,4,4
Unique,,Stealskull,3,2,2,2,2,1,1,1
Unique,,Steel Carapace,2,2,1,1,1,1,1,1
Unique,,Steel Pillar,0,0,0,0,,0,0,0
Unique,,Steel Shade,3,4,4,4,4,4,3,4
Unique,,Steelclash,0,0,1,0,,0,1,0
Unique,,Steeldriver,0,0,0,0,,0,0,0
Unique,,Steelgoad,0,0,0,0,,0,0,0
Unique,,Steelrend,31,36,38,41,39,40,41,41
Unique,,Stone Crusher,1,1,1,1,0(+1),0(+1),0(+1),0(+1)
Unique,,The Stone of Jordan,241,248,251,266,270,271,265,267
Unique,,Stoneraven,0,0,0,0,,0,0,0
Unique,,Stormchaser,1,1,1,1,1,1,1,1
Unique,,Stormeye,1,1,1,1,0(+1),0(+1),0(+1),0(+1)
Unique,,Stormguild,0,0,0,0,,0,0,0
Unique,,Stormlash,2,2,2,2,2,2,2,1
Unique,,Stormrider,0,0,0,0,,0,0,0
Unique,,Stormshield,118,118,121,123,127,127,137,137
Unique,,Stormspike,1,1,1,1,0(+1),0(+1),0(+1),0(+1)
Unique,,Stormspire,0,0,0,0,,0,0,0
Unique,,Stormstrike,0,0,0,0,,0,0,0
Unique,,Stoutnail,0,0,0,0,,0,0,0
Unique,,String of Ears,131,130,134,137,134,135,134,134
Unique,,Suicide Branch,3,3,4,5,3(+2),2(+2),2(+2),1(+2)
Unique,,Sureshrill Frost,1,2,0,2,0(+2),0(+2),0(+2),0(+2)
Unique,,Swordback Hold,1,1,1,1,1,1,1,1
Unique,,Swordguard,1,1,1,1,1,1,1,1
Unique,,Tarnhelm,3,2,2,2,3,2,2,2
Unique,,Tearhaunch,12,13,12,12,12,11,11,11
Unique,,Templar's Might,4,3,5,6,6,6,5,5
Unique,,The Atlantean,1,0,0,0,,0,0,0
Unique,,The Battlebranch,0,0,0,0,,0,0,0
Unique,,The Cat's Eye,61,63,67,66,64,65,67,66
Unique,,The Centurion,0,0,0,0,,0,0,0
Unique,,The Chieftain,0,0,0,0,,0,0,0
Unique,,The Cranium Basher,3,4,3,3,3,2,2,2
Unique,,The Diggler,0,0,0,1,0(+1),0(+1),0(+1),0(+1)
Unique,,The Dragon Chang,1,1,1,1,0(+1),0(+1),0(+1),0(+1)
Unique,,The Eye of Etlich,5,5,7,6,6,5,5,7
Unique,,The Face of Horror,0,0,0,1,,0,1,0
Unique,,The Fetid Sprinkler,1,1,2,2,1(+1),1(+1),1(+1),1(+1)
Unique,,The Gavel Of Pain,0,0,0,0,,0,0,0
Unique,,The General's Tan Do Li Ga,0,0,0,0,,0,0,0
Unique,,The Gladiator's Bane,6,7,9,11,11,11,11,10
Unique,,The Gnasher,1,0,0,0,,0,0,0
Unique,,The Grandfather,9,10,11,11,11,11,11,11
Unique,,The Grim Reaper,0,0,0,0,,0,0,0
Unique,,The Hand of Broc,0,0,0,0,,0,0,0
Unique,,The Impaler,1,1,2,2,1(+1),1(+1),1(+1),1(+1)
Unique,,The Iron Jang Bong,4,4,4,4,2(+2),2(+2),2(+2),1(+2)
Unique,,The Jade Tan Do,1,1,2,2,1(+1),1(+1),1,1(+1)
Unique,,The Mahim-Oak Curio,2,2,1,1,1,1,1,1
Unique,,The Meat Scraper,0,0,0,0,,0,0,0
Unique,,The Minotaur,0,1,1,1,0(+1),0(+1),0(+1),0(+1)
Unique,,The Oculus,29,24,22,21,21,20,22,24
Unique,,The Patriarch,0,0,0,0,,0,0,0
Unique,,The Reaper's Toll,11,9,10,8,8,9,10,11
Unique,,The Redeemer,2,2,2,2,1(+1),1(+1),1(+1),1(+1)
Unique,,The Rising Sun,2,1,1,1,2,2,2,2
Unique,,The Salamander,0,0,0,0,,0,0,0
Unique,,The Scalper,0,0,0,0,,0,0,0
Unique,,The Spirit Shroud,2,2,2,1,1,0,1,0
Unique,,The Tannr Gorerod,0,0,0,0,,0,0,0
Unique,,The Vile Husk,0,0,0,0,,0,0,0
Unique,,The Ward,10,10,10,9,9,9,9,10
Unique,,Thundergod's Vigor,92,90,87,88,91,89,87,89
Unique,,Thunderstroke,31,32,30,31,27(+3),26(+3),24(+3),24(+3)
Unique,,Tiamat's Rebuke,2,2,2,2,3,3,2,2
Unique,,Titan's Revenge,53,53,52,50,45(+2),46(+2),47(+2),46(+2)
Unique,,Todesfaelle Flamme,4,4,2,2,1(+1),1(+1),1(+1),1(+1)
Unique,,Tomb Reaver,0,0,3,2,2,3(+1),2(+1),2(+1)
Unique,,Toothrow,0,0,0,0,,0,0,0
Unique,,Torch of Iro,3,3,3,3,0(+3),0(+3),0(+2),0(+3)
Unique,,Treads of Cthon,0,0,0,0,,0,0,0
Unique,,Twitchthroe,6,5,6,6,7,7,7,6
Unique,,Tyrael's Might,7,7,8,8,9,9,9,8
Unique,,Umbral Disk,0,0,0,0,,0,0,0
Unique,,Ume's Lament,4,3,3,4,1(+3),1(+3),1(+3),0(+3)
Unique,,Undead Crown,0,0,0,0,,0,0,0
Unique,,Valkyrie Wing,15,14,15,17,15,16,16,15
Unique,,Vampire Gaze,19,20,22,20,20,20,20,19
Unique,,Veil of Steel,1,1,1,1,1,1,1,1
Unique,,Venom Grip,5,5,5,6,6,6,6,6
Unique,,Venom Ward,0,0,0,0,,0,0,0
Unique,,Verdungo's Hearty Cord,145,150,156,159,164,161,164,164
Unique,,Viperfork,0,0,0,0,,0,0,0
Unique,,Visceratuant,1,1,1,1,1,1,1,1
Unique,,Wall of the Eyeless,2,2,1,1,1,1,1,1
Unique,,War Traveler,260,265,275,279,279,278,278,280
Unique,,Warlord's Trust,0,0,0,0,,0,0,0
Unique,,Warpspear,35,40,45,48,48,47,50,48(+1)
Unique,,Warshrike,6,5,6,8,7,7,8,10
Unique,,Waterwalk,21,21,21,21,21,21,19,19
Unique,,Widowmaker,2,2,2,2,2,2,2,2
Unique,,Windforce,17,14,15,14,13(+2),13(+1),12(+2),12(+2)
Unique,,Windhammer,1,2,2,2,1,1,1,1
Unique,,Wisp Projector,211,212,218,218,223,228,229,231
Unique,,Witchwild String,4,5,3,2,0(+1),0(+1),0(+1),0(+1)
Unique,,Witherstring,0,0,0,0,,0,0,0
Unique,,Wizardspike,9,9,11,11,10(+1),10(+1),10(+2),10(+2)
Unique,,Wizendraw,2,2,2,2,1(+1),1(+1),1(+1),1(+1)
Unique,,Woestave,0,0,0,0,,0,0,0
Unique,,Wolfhowl,5,4,4,5,5,5,5,5
Unique,,Wormskull,0,0,0,0,,0,0,0
Unique,,Wraith Flight,0,0,0,0,,0,1,1
Unique,,Zakarum's Hand,2,2,2,2,1(+1),1(+1),1(+1),1(+1)
Set,,Angelic Sickle,0,0,0,0,,0,0,0
Set,,Angelic Mantle,1,1,0,0,,0,0,0
Set,,Angelic Halo,104,99,98,99,91,87,87,85
Set,,Angelic Wings,64,61,62,63,58,56,56,55
Set,,Arcanna's Sign,0,0,0,0,,0,0,0
Set,,Arcanna's Deathwand,0,0,0,0,,0,0,0
Set,,Arcanna's Head,0,0,0,0,,0,0,0
Set,,Arcanna's Flesh,0,0,0,0,,0,0,0
Set,,Arctic Furs,0,0,0,0,,0,0,0
Set,,Arctic Binding,0,0,0,0,,0,1,0
Set,,Arctic Mitts,1,1,1,1,,0,1,0
Set,,Arctic Horn,0,0,0,0,,0,1,0
Set,,Berserker's Headgear,0,0,0,0,,0,0,0
Set,,Berserker's Hauberk,0,0,0,0,,0,1,0
Set,,Berserker's Hatchet,0,0,0,0,,0,1,0
Set,,Cathan's Rule,0,0,0,0,,0,0,0
Set,,Cathan's Mesh,0,0,0,0,,0,0,0
Set,,Cathan's Visage,0,0,0,0,,0,1,0
Set,,Cathan's Sigil,0,0,0,0,,0,0,0
Set,,Cathan's Seal,2,2,2,2,2,2,2,2
Set,,Civerb's Ward,1,1,1,1,1,1,1,1
Set,,Civerb's Icon,0,0,0,0,,0,0,0
Set,,Civerb's Cudgel,1,1,1,1,1,1,1,1
Set,,Cleglaw's Tooth,0,0,0,0,,0,0,0
Set,,Cleglaw's Claw,2,2,2,2,2,2,2,2
Set,,Cleglaw's Pincers,2,2,1,1,1,2,2,2
Set,,Death's Hand,2,3,3,3,3,2,2,2
Set,,Death's Touch,0,0,0,0,,0,0,0
Set,,Death's Guard,2,2,2,2,1,1,1,1
Set,,Hsarus' Iron Heel,2,2,2,2,2,2,2,2
Set,,Hsarus' Iron Fist,0,0,0,0,,0,0,0
Set,,Hsarus' Iron Stay,2,2,2,2,2,2,2,2
Set,,Infernal Cranium,0,0,0,0,,0,0,0
Set,,Infernal Torch,0,0,0,0,,0,0,0
Set,,Infernal Sign,0,0,0,0,,0,0,0
Set,,Iratha's Collar,0,0,0,0,,0,0,0
Set,,Iratha's Cuff,0,0,0,0,,0,0,0
Set,,Iratha's Coil,0,0,0,0,,0,0,0
Set,,Iratha's Cord,0,0,0,0,,0,0,0
Set,,Isenhart's Lightbrand,0,0,0,0,,0,0,0
Set,,Isenhart's Parry,0,0,0,0,,0,0,0
Set,,Isenhart's Case,0,0,0,0,,0,0,0
Set,,Isenhart's Horns,0,0,0,0,,0,0,0
Set,,Milabrega's Orb,10,10,9,9,9,9,10,8
Set,,Milabrega's Rod,2,2,2,1,1,1,1,1
Set,,Milabrega's Diadem,0,0,0,0,,0,0,0
Set,,Milabrega's Robe,0,0,0,0,,0,0,0
Set,,Sigon's Visor,2,1,1,1,1,1,1,1
Set,,Sigon's Shelter,2,1,1,1,1,1,1,1
Set,,Sigon's Gage,2,1,1,1,1,1,1,1
Set,,Sigon's Sabot,1,0,0,0,1,0,1,0
Set,,Sigon's Wrap,3,2,2,4,5,5,4,4
Set,,Sigon's Guard,9,7,8,7,8,7,8,8
Set,,Tancred's Spine,0,0,0,0,,0,0,0
Set,,Tancred's Crowbill,0,0,0,0,,0,0,0
Set,,Tancred's Hobnails,2,1,1,2,1,1,2,2
Set,,Tancred's Weird,0,0,0,0,,0,0,0
Set,,Tancred's Skull,0,0,0,0,,0,0,0
Set,,Vidala's Barb,0,0,0,0,,0,0,0
Set,,Vidala's Fetlock,8,8,12,12,12,12,9,9
Set,,Vidala's Ambush,0,0,0,0,,0,0,0
Set,,Vidala's Snare,4,4,5,5,5,5,3,3
Set,,Bul-Kathos' Sacred Charge,3,3,3,3,3,3,2,2
Set,,Bul-Kathos' Tribal Guardian,3,3,3,2,2,2,2,2
Set,,Cow King's Horns,0,0,0,0,,0,0,0
Set,,Cow King's Hide,0,0,0,0,,0,0,0
Set,,Cow King's Hooves,4,4,4,4,4,4,4,4
Set,,Dangoon's Teaching,0,0,0,0,,0,0,0
Set,,Taebaek's Glory,0,0,0,0,,0,0,0
Set,,Haemosu's Adamant,0,0,0,0,,0,0,0
Set,,Ondal's Almighty,3,3,3,3,3,3,3,4
Set,,Hwanin's Splendor,0,0,0,0,,0,0,0
Set,,Hwanin's Refuge,0,0,0,0,,0,0,0
Set,,Hwanin's Blessing,0,0,0,0,,0,0,0
Set,,Hwanin's Justice,0,0,0,0,,0,0,0
Set,,Naj's Puzzler,45,42,40,39,42,41,39,37
Set,,Naj's Light Plate,17,15,14,14,13,14,14,14
Set,,Naj's Circlet,1,1,0,0,,0,0,0
Set,,Guillaume's Face,34,38,41,39,39,39,38,42
Set,,Wilhelm's Pride,1,1,3,2,3,3,3,3
Set,,Magnus' Skin,2,2,4,3,3,3,3,3
Set,,Whitstan's Guard,1,1,1,1,1,1,1,1
Set,,Sander's Paragon,0,0,0,0,,0,0,0
Set,,Sander's Riprap,9,9,10,7,8,7,7,7
Set,,Sander's Taboo,0,0,1,1,,0,1,0
Set,,Sander's Superstition,0,0,0,0,,0,0,0
Set,,Sazabi's Cobalt Redeemer,0,0,0,0,,0,0,0
Set,,Sazabi's Ghost Liberator,0,0,0,0,,0,0,0
Set,,Sazabi's Mental Sheath,4,3,3,3,2,2,2,2
Set,,Telling of Beads,1,1,1,1,1,1,1,1
Set,,Laying of Hands,222,213,212,218,217,221,214,210
Set,,Rite of Passage,2,2,1,1,1,1,1,1
Set,,Dark Adherent,3,3,2,2,1,1,1,1
Set,,Credendum,20,16,16,16,15,15,15,15
Set,,Aldur's Stony Gaze,2,2,2,2,2,2,2,3
Set,,Aldur's Deception,3,3,3,2,2,2,2,3
Set,,Aldur's Rhythm,4,3,3,3,3,3,3,4
Set,,Aldur's Advance,198,194,185,185,180,176,179,174
Set,,Griswold's Valor,3,3,2,2,2,2,2,2
Set,,Griswold's Heart,2,2,2,2,2,2,2,2
Set,,Griswold's Redemption,1,1,1,1,1,1,1,1
Set,,Griswold's Honor,2,2,2,2,2,2,2,2
Set,,Immortal King's Will,39,38,36,34,31,31,31,31
Set,,Immortal King's Soul Cage,34,32,30,29,26,26,26,26
Set,,Immortal King's Detail,64,61,63,60,57,56,55,53
Set,,Immortal King's Forge,53,49,46,44,41,40,39,38
Set,,Immortal King's Pillar,49,46,45,44,40,40,39,38
Set,,Immortal King's Stone Crusher,35,34,34,33,30,29,29,28
Set,,M'avina's True Sight,17,10,13,11,11,11,11,11
Set,,M'avina's Embrace,15,10,12,10,11,11,12,12
Set,,M'avina's Icy Clutch,14,9,11,9,9,9,9,9
Set,,M'avina's Tenet,31,27,27,25,23,22,21,21
Set,,M'avina's Caster,13,6,9,7,7,7,7,7
Set,,Natalya's Totem,72,72,73,73,74,76,69,69
Set,,Natalya's Mark,78,79,82,80,83,85,77,77
Set,,Natalya's Shadow,72,72,73,73,75,77,70,69
Set,,Natalya's Soul,123,121,118,118,121,124,115,116
Set,,Tal Rasha's Fine-Spun Cloth,89,88,84,81,77,78,73,74
Set,,Tal Rasha's Adjudication,73,74,74,75,74,76,74,74
Set,,Tal Rasha's Lidless Eye,45,48,49,48,47,46,44,44
Set,,Tal Rasha's Guardianship,86,89,88,87,82,83,83,84
Set,,Tal Rasha's Horadric Crest,73,78,75,75,72,71,69,69
Set,,Trang-Oul's Guise,39,38,41,41,44,43,43,42
Set,,Trang-Oul's Scales,42,41,44,44,46,45,45,43
Set,,Trang-Oul's Wing,41,39,41,43,45,44,44,43
Set,,Trang-Oul's Claws,304,300,299,298,301,300,298,298
Set,,Trang-Oul's Girth,57,56,60,59,60,59,58,57
Runeword,,Ancients' Pledge,12,11,12,10,9,9,9,8
Runeword,,Beast,6,6,6,8,8,8,8,8
Runeword,,Black,3,4,4,4,3,3,3,4
Runeword,,Bone,23,23,24,24,23,23,22,22
Runeword,,Bramble,17,20,22,23,26,26,23,23
Runeword,,Brand,0,0,0,0,,0,1,1
Runeword,,Breath of the Dying,67,65,63,65,65,64,65,66
Runeword,,Bulwark,0,0,0,0,,0,0,0
Runeword,,Call To Arms,0,0,0,0,,0,0,0
Runeword,,Chains of Honor,54,60,69,71,71,72,74,71
Runeword,,Chaos,5,6,9,10,9,10,10,8
Runeword,,Crescent Moon,3,2,2,1,2,2,3,3
Runeword,,Cure,0,0,0,0,,0,0,0
Runeword,,Death,7,7,5,7,7,7,9,7
Runeword,,Delirium,0,0,0,0,,0,0,0
Runeword,,Destruction,0,0,0,0,,0,0,0
Runeword,,Doom,8,8,7,6,7,9,7,7
Runeword,,Dragon,14,16,22,24,24,25,28,27
Runeword,,Dream,5,6,7,12,13,12,12,10
Runeword,,Duress,7,7,7,6,6,6,6,6
Runeword,,Edge,55,56,58,60,60,57,55,55
Runeword,,Enigma,251,252,249,265,269,266,267,270
Runeword,,Enlightenment,1,1,1,1,1,1,1,1
Runeword,,Eternity,2,2,3,3,2,2,2,2
Runeword,,Exile,9,7,8,8,9,9,9,9
Runeword,,Faith,60,63,61,61,62,62,61,58
Runeword,,Famine,0,0,0,0,,0,0,0
Runeword,,Flickering Flame,0,0,1,1,1,0,0,0
Runeword,,Fortitude,162,164,165,165,165,167,168,164
Runeword,,Fury,0,0,0,0,1,1,1,1
Runeword,,Gloom,0,0,0,0,,0,0,0
Runeword,,Grief,50,57,58,58,60,61,63,61
Runeword,,Ground,0,0,0,0,,0,0,0
Runeword,,Hand of Justice,8,8,12,13,13,15,14,12
Runeword,,Harmony,37,35,37,41,41,40,40,40
Runeword,,Heart of the Oak,302,309,313,321,334,330,329,332
Runeword,,Hearth,0,0,0,0,,0,0,0
Runeword,,Holy Thunder,49,49,48,45,46,46,44,43
Runeword,,Honor,0,0,0,0,,0,0,0
Runeword,,Hustle,3,3,3,3,2,1,2,3
Runeword,,Ice,15,20,22,22,23,23,24,26
Runeword,,Infinity,1,0,0,1,1,2,2,2
Runeword,,Insight,2,0,0,1,1,0,0,0
Runeword,,King's Grace,0,0,0,0,,0,1,0
Runeword,,Kingslayer,0,1,0,0,,0,0,0
Runeword,,Last Wish,6,9,8,10,9,10,9,9
Runeword,,Lawbringer,4,4,6,7,5,5,5,5
Runeword,,Leaf,2,1,1,1,1,1,1,1
Runeword,,Lionheart,1,1,1,2,1,1,1,1
Runeword,,Lore,12,12,12,12,10,8,9,8
Runeword,,Malice,0,0,0,0,,0,0,0
Runeword,,Melody,0,0,0,0,,0,0,0
Runeword,,Memory,29,31,35,39,39,41,40,39
Runeword,,Metamorphosis,33,35,36,37,40,40,41,41
Runeword,,Mist,2,3,4,4,4,4,5,5
Runeword,,Mosaic,21,22,27,28,30,29,28,26
Runeword,,Myth,3,4,3,3,3,3,3,3
Runeword,,Nadir,0,0,0,0,,0,0,0
Runeword,,Oath,7,7,6,6,6,6,6,6
Runeword,,Obedience,4,3,4,4,4,4,4,4
Runeword,,Obsession,0,0,0,0,,0,0,0
Runeword,,Passion,0,0,0,0,,0,0,0
Runeword,,Pattern,3,2,2,2,2,2,3,3
Runeword,,Peace,8,8,8,8,7,7,6,6
Runeword,,Phoenix,152,159,164,170,176,174,180,180
Runeword,,Plague,82,85,85,85,87,86,89,92
Runeword,,Pride,0,0,0,0,,0,0,0
Runeword,,Principle,2,2,1,1,1,0,1,1
Runeword,,Prudence,1,1,1,1,1,1,1,1
Runeword,,Radiance,0,0,0,0,,0,0,0
Runeword,,Rain,46,42,44,43,42,42,41,41
Runeword,,Rhyme,22,22,21,20,15,15,15,14
Runeword,,Rift,0,0,0,0,,0,0,0
Runeword,,Sanctuary,0,0,0,0,,0,1,1
Runeword,,Silence,56,57,53,55,55,58,60,58
Runeword,,Smoke,14,14,11,9,10,10,9,9
Runeword,,Spirit,775,749,735,725,706,700,688,686
Runeword,,Splendor,10,9,8,6,6,6,6,6
Runeword,,Stealth,9,6,6,5,4,3,3,3
Runeword,,Steel,0,0,0,0,,0,0,0
Runeword,,Stone,1,1,1,1,1,1,1,1
Runeword,,Strength,1,1,2,2,2,2,2,2
Runeword,,Temper,0,0,0,0,,0,0,0
Runeword,,Treachery,33,31,34,35,35,35,36,35
Runeword,,Unbending Will,2,1,1,1,1,1,1,1
Runeword,,Venom,0,0,0,0,,0,0,0
Runeword,,Voice of Reason,0,0,0,0,,0,0,0
Runeword,,Wealth,1,1,2,1,1,2,2,2
Runeword,,White,2,3,6,6,7,6,6,6
Runeword,,Wind,0,0,0,0,,0,0,0
Runeword,,Wisdom,3,2,2,2,2,2,3,2
Runeword,,Wrath,1,1,1,1,1,1,1,1
Runeword,,Zephyr,0,0,0,0,,0,0,0
Runeword,,Call to Arms,248,265,268,276,282,280,285,290
Unique,,Frostbite,2,2,2,2,2,2,3,3
Unique,,Herald of Zakarum,45,49,48,50,51,53,50,52
Unique,,Swiftheart,5,6,6,6,6,6,5,6
Unique,,Blade of Ali Baba,31,28,26,26,26(+2),25(+2),22(+2),20(+2)
Unique,,Hailstorm,16,17,15,15,16,16,17,16
Unique,,Moonfire,12,12,11,11,12,13,13,13
Unique,,Dragonbreath,7,6,6,6,6,6,6,7
Runeword,,2693,4,4,5,6,7,7,8,8
Unique,,FrostbiteB,1,1,2,3,2,2,2,2
Runeword,,-26,1,2,2,2,2,2,1,1
Mercenary,,Treachery,0,0,0,0,252,0,0,0
Mercenary,,Vampire Gaze,0,0,0,0,157,0,0,0
Mercenary,,Insight,0,0,0,0,241,0,0,0
Mercenary,,Steel Shade,0,0,0,0,273,0,0,0
Mercenary,,Doom,0,0,0,0,20,0,0,0
Mercenary,,Tal Rasha's Horadric Crest,0,0,0,0,261,0,0,0
Mercenary,,Harmony,0,0,0,0,42,0,0,0
Mercenary,,Shaftstop,0,0,0,0,149,0,0,0
Mercenary,,Infinity,0,0,0,0,338,0,0,0
Mercenary,,The Gladiator's Bane,0,0,0,0,85,0,0,0
Mercenary,,The Reaper's Toll,0,0,0,0,99,0,0,0
Mercenary,,Andariel's Visage,0,0,0,0,166,0,0,0
Mercenary,,Fortitude,0,0,0,0,226,0,0,0
Mercenary,,Blackhorn's Face,0,0,0,0,9,0,0,0
Mercenary,,Guardian Angel,0,0,0,0,38,0,0,0
Mercenary,,Kira's Guardian,0,0,0,0,15,0,0,0
Mercenary,,Lawbringer,0,0,0,0,87,0,0,0
Mercenary,,Plague,0,0,0,0,34,0,0,0
Mercenary,,Phoenix,0,0,0,0,8,0,0,0
Mercenary,,Hustle,0,0,0,0,9,0,0,0
Mercenary,,Silence,0,0,0,0,44,0,0,0
Mercenary,,Griffon's Eye,0,0,0,0,2,0,0,0
Mercenary,,Skin of the Vipermagi,0,0,0,0,10,0,0,0
Mercenary,,Azurewrath,0,0,0,0,8,0,0,0
Mercenary,,Spirit,0,0,0,0,33,0,0,0
Mercenary,,Black Hades,0,0,0,0,7,0,0,0
Mercenary,,Leviathan,0,0,0,0,71,0,0,0
Mercenary,,Sazabi's Mental Sheath,0,0,0,0,3,0,0,0
Mercenary,,Bonehew,0,0,0,0,13,0,0,0
Mercenary,,Breath of the Dying,0,0,0,0,8,0,0,0
Mercenary,,Naj's Light Plate,0,0,0,0,14,0,0,0
Mercenary,,Stormshield,0,0,0,0,21,0,0,0
Mercenary,,Culwen's Point,0,0,0,0,5,0,0,0
Mercenary,,Gerke's Sanctuary,0,0,0,0,7,0,0,0
Mercenary,,Duriel's Shell,0,0,0,0,89,0,0,0
Mercenary,,Faith,0,0,0,0,6,0,0,0
Mercenary,,Bulwark,0,0,0,0,11,0,0,0
Mercenary,,Crown of Ages,0,0,0,0,21,0,0,0
Mercenary,,Harlequin Crest,0,0,0,0,8,0,0,0
Mercenary,,Tyrael's Might,0,0,0,0,2,0,0,0
Mercenary,,Arkaine's Valor,0,0,0,0,6,0,0,0
Mercenary,,Pride,0,0,0,0,8,0,0,0
Mercenary,,The Ward,0,0,0,0,5,0,0,0
Mercenary,,Crown of Thieves,0,0,0,0,46,0,0,0
Mercenary,,The Grandfather,0,0,0,0,14,0,0,0
Mercenary,,Hearth,0,0,0,0,5,0,0,0
Mercenary,,Twitchthroe,0,0,0,0,4,0,0,0
Mercenary,,Buriza-Do Kyanon,0,0,0,0,8,0,0,0
Mercenary,,Guillaume's Face,0,0,0,0,21,0,0,0
Mercenary,,Last Wish,0,0,0,0,3,0,0,0
Mercenary,,Steel Carapace,0,0,0,0,7,0,0,0
Mercenary,,Obedience,0,0,0,0,39,0,0,0
Mercenary,,Dream,0,0,0,0,6,0,0,0
Mercenary,,Skin of the Flayed One,0,0,0,0,10,0,0,0
Mercenary,,Crescent Moon,0,0,0,0,1,0,0,0
Mercenary,,Chains of Honor,0,0,0,0,5,0,0,0
Mercenary,,Tiamat's Rebuke,0,0,0,0,1,0,0,0
Mercenary,,Fiendra Brow,0,0,0,0,1,0,0,0
Mercenary,,Smoke,0,0,0,0,22,0,0,0
Mercenary,,Scale Mail of Thorns,0,0,0,0,1,0,0,0
Mercenary,,Demon Crest,0,0,0,0,1,0,0,0
Mercenary,,Dimoak's Hew,0,0,0,0,1,0,0,0
Mercenary,,Templar's Might,0,0,0,0,1,0,0,0
Mercenary,,Natalya's Totem,0,0,0,0,9,0,0,0
Mercenary,,Flamebellow,0,0,0,0,2,0,0,0
Mercenary,,Corpsemourn,0,0,0,0,3,0,0,0
Mercenary,,Duress,0,0,0,0,7,0,0,0
Mercenary,,Enigma,0,0,0,0,1,0,0,0
Mercenary,,Windforce,0,0,0,0,1,0,0,0
Mercenary,,Grief,0,0,0,0,1,0,0,0
Mercenary,,Oath,0,0,0,0,2,0,0,0
Mercenary,,Headstriker,0,0,0,0,5,0,0,0
Mercenary,,Giant Skull,0,0,0,0,8,0,0,0
Mercenary,,Hwanin's Splendor,0,0,0,0,3,0,0,0
Mercenary,,Unbending Will,0,0,0,0,4,0,0,0
Mercenary,,Duskdeep,0,0,0,0,5,0,0,0
Mercenary,,Arreat's Face,0,0,0,0,11,0,0,0
Mercenary,,Sigon's Guard,0,0,0,0,2,0,0,0
Mercenary,,Arioc's Needle,0,0,0,0,3,0,0,0
Mercenary,,Ondal's Almighty,0,0,0,0,2,0,0,0
Mercenary,,Tal Rasha's Guardianship,0,0,0,0,8,0,0,0
Mercenary,,Stealskull,0,0,0,0,15,0,0,0
Mercenary,,Passion,0,0,0,0,1,0,0,0
Mercenary,,Rockfleece,0,0,0,0,6,0,0,0
Mercenary,,Griswold's Valor,0,0,0,0,1,0,0,0
Mercenary,,Stone,0,0,0,0,9,0,0,0
Mercenary,,Tomb Reaver,0,0,0,0,21,0,0,0
Mercenary,,Holocaust Circlet,0,0,0,0,1,0,0,0
Mercenary,,Lidless Wall,0,0,0,0,2,0,0,0
Mercenary,,Veil of Steel,0,0,0,0,6,0,0,0
Mercenary,,Silks of the Victor,0,0,0,0,2,0,0,0
Mercenary,,Gloom,0,0,0,0,2,0,0,0
Mercenary,,Destruction,0,0,0,0,1,0,0,0
Mercenary,,Toothrow,0,0,0,0,5,0,0,0
Mercenary,,Blade of Ali Baba,0,0,0,0,2,0,0,0
Mercenary,,Sazabi's Ghost Liberator,0,0,0,0,1,0,0,0
Mercenary,,Sazabi's Cobalt Redeemer,0,0,0,0,1,0,0,0
Mercenary,,M'avina's True Sight,0,0,0,0,1,0,0,0
Mercenary,,2693,0,0,0,0,2,0,0,0
Mercenary,,Blackoak Shield,0,0,0,0,2,0,0,0
Mercenary,,Bramble,0,0,0,0,3,0,0,0
Mercenary,,Arctic Furs,0,0,0,0,1,0,0,0
Mercenary,,Arctic Horn,0,0,0,0,1,0,0,0
Mercenary,,Prudence,0,0,0,0,1,0,0,0
Mercenary,,Pus Spitter,0,0,0,0,1,0,0,0
Mercenary,,Edge,0,0,0,0,1,0,0,0
Mercenary,,Cruel Visor,0,0,0,0,1,0,0,0
Mercenary,,Hard Leather Armor of Thorns,0,0,0,0,1,0,0,0
Mercenary,,Storm Quill,0,0,0,0,1,0,0,0
Mercenary,,Bloodletter,0,0,0,0,1,0,0,0
Mercenary,,Hailstone Shell,0,0,0,0,1,0,0,0
Mercenary,,Plague Bearer,0,0,0,0,2,0,0,0
Mercenary,,Moser's Blessed Circle,0,0,0,0,2,0,0,0
Mercenary,,Death Hide,0,0,0,0,1,0,0,0
Mercenary,,Isenhart's Horns,0,0,0,0,2,0,0,0
Mercenary,,Razortine,0,0,0,0,1,0,0,0
Mercenary,,Lionheart,0,0,0,0,6,0,0,0
Mercenary,,Rattlecage,0,0,0,0,3,0,0,0
Mercenary,,Rockstopper,0,0,0,0,8,0,0,0
Mercenary,,Spirit Brow,0,0,0,0,1,0,0,0
Mercenary,,Naj's Circlet,0,0,0,0,6,0,0,0
Mercenary,,Cap,0,0,0,0,2,0,0,0
Mercenary,,Swordguard,0,0,0,0,3,0,0,0
Mercenary,,Darkglow,0,0,0,0,3,0,0,0
Mercenary,,Cathan's Visage,0,0,0,0,1,0,0,0
Mercenary,,Holocaust Hood,0,0,0,0,1,0,0,0
Mercenary,,Undead Crown,0,0,0,0,3,0,0,0
Mercenary,,Spetum of the Leech,0,0,0,0,1,0,0,0
Mercenary,,Atma's Wail,0,0,0,0,1,0,0,0
Mercenary,,Trang-Oul's Scales,0,0,0,0,2,0,0,0
Mercenary,,Stone Crest,0,0,0,0,1,0,0,0
Mercenary,,Goldskin,0,0,0,0,7,0,0,0
Mercenary,,Iron Pelt,0,0,0,0,1,0,0,0
Mercenary,,Steel Pillar,0,0,0,0,2,0,0,0
Mercenary,,Death Mask,0,0,0,0,1,0,0,0
Mercenary,,Immortal King's Soul Cage,0,0,0,0,1,0,0,0
Mercenary,,Hard Leather Armor,0,0,0,0,1,0,0,0
Mercenary,,Short Bow,0,0,0,0,1,0,0,0
Mercenary,,Viperfork,0,0,0,0,3,0,0,0
Mercenary,,Griswold's Heart,0,0,0,0,7,0,0,0
Mercenary,,Lore,0,0,0,0,1,0,0,0
Mercenary,,Todesfaelle Flamme,0,0,0,0,4,0,0,0
Mercenary,,Spirit Hood,0,0,0,0,1,0,0,0
Mercenary,,Holocaust Casque,0,0,0,0,1,0,0,0
Mercenary,,Spirit Forge,0,0,0,0,2,0,0,0
Mercenary,,Corpse Scratch,0,0,0,0,1,0,0,0
Mercenary,,Lightsabre,0,0,0,0,2,0,0,0
Mercenary,,War Hat,0,0,0,0,1,0,0,0
Mercenary,,Hailstone Cowl,0,0,0,0,1,0,0,0
Mercenary,,Raven Cloak,0,0,0,0,1,0,0,0
Mercenary,,Blackleach Blade,0,0,0,0,1,0,0,0
Mercenary,,GhoulRI Hew,0,0,0,0,1,0,0,0
Mercenary,,Dark Adherent,0,0,0,0,1,0,0,0
Mercenary,,Darksight Helm,0,0,0,0,2,0,0,0
Mercenary,,Loath Hide,0,0,0,0,1,0,0,0
Mercenary,,Rune Skewer,0,0,0,0,1,0,0,0
Mercenary,,The Meat Scraper,0,0,0,0,1,0,0,0
Mercenary,,Boneflesh,0,0,0,0,1,0,0,0
Mercenary,,Athena's Wrath,0,0,0,0,1,0,0,0
Mercenary,,Mask,0,0,0,0,1,0,0,0
Mercenary,,Brimstone Mask,0,0,0,0,1,0,0,0
Mercenary,,Wormskull,0,0,0,0,3,0,0,0
Mercenary,,Stealth,0,0,0,0,5,0,0,0
Mercenary,,Blood Mask,0,0,0,0,1,0,0,0
Mercenary,,Heavenly Garb,0,0,0,0,2,0,0,0
Mercenary,,Isenhart's Case,0,0,0,0,1,0,0,0
Mercenary,,Berserker's Headgear,0,0,0,0,1,0,0,0
Mercenary,,Rune Stake,0,0,0,0,1,0,0,0
Mercenary,,Nightwing's Veil,0,0,0,0,1,0,0,0
Mercenary,,Field Plate,0,0,0,0,1,0,0,0
Mercenary,,Skull Cap,0,0,0,0,2,0,0,0
Mercenary,,Lance of Yaggai,0,0,0,0,1,0,0,0
Mercenary,,Shadow Shell,0,0,0,0,1,0,0,0
Mercenary,,Doom Visor,0,0,0,0,1,0,0,0
Mercenary,,Ice,0,0,0,0,1,0,0,0
Mercenary,,Bing Sz Wang,0,0,0,0,3,0,0,0
Mercenary,,Infernal Cranium,0,0,0,0,1,0,0,0
Mercenary,,Pelta Lunata,0,0,0,0,1,0,0,0
Mercenary,,Natalya's Shadow,0,0,0,0,2,0,0,0
Mercenary,,Spike Thorn,0,0,0,0,1,0,0,0
Mercenary,,Pain Veil,0,0,0,0,1,0,0,0
Mercenary,,Ocher Ring Mail of the Jackal,0,0,0,0,1,0,0,0
Mercenary,,Full Helm of Energy,0,0,0,0,1,0,0,0
Mercenary,,Bloodthief,0,0,0,0,1,0,0,0
Mercenary,,Spirit Hide,0,0,0,0,1,0,0,0
Mercenary,,Howltusk,0,0,0,0,2,0,0,0
Mercenary,,Cleglaw's Tooth,0,0,0,0,1,0,0,0
Mercenary,,The Vile Husk,0,0,0,0,2,0,0,0
Mercenary,,Bloodmoon,0,0,0,0,1,0,0,0
Mercenary,,Dusk Shroud,0,0,0,0,1,0,0,0
Mercenary,,Haemosu's Adamant,0,0,0,0,2,0,0,0
Mercenary,,Bone Helm,0,0,0,0,1,0,0,0
Mercenary,,Strong Breast Plate,0,0,0,0,1,0,0,0
Mercenary,,Russet Cap of Self-Repair,0,0,0,0,1,0,0,0
Mercenary,,Scythe,0,0,0,0,1,0,0,0
Mercenary,,Dread Crest,0,0,0,0,1,0,0,0
Mercenary,,Eagle Wrap,0,0,0,0,1,0,0,0
Mercenary,,Storm Mar,0,0,0,0,1,0,0,0
Mercenary,,Havoc Wing,0,0,0,0,1,0,0,0
Mercenary,,Havoc Horn,0,0,0,0,1,0,0,0
Mercenary,,Chain Mail,0,0,0,0,1,0,0,0
Mercenary,,Harpoonist's Pike,0,0,0,0,1,0,0,0
Mercenary,,Sigon's Visor,0,0,0,0,1,0,0,0
Mercenary,,Demonhorn's Edge,0,0,0,0,1,0,0,0
Mercenary,,Jeweler's Diadem of Speed,0,0,0,0,1,0,0,0
Mercenary,,Que-Hegan's Wisdom,0,0,0,0,2,0,0,0
Mercenary,,Demon Pelt,0,0,0,0,1,0,0,0
Mercenary,,GhoulRI Needle,0,0,0,0,1,0,0,0
Mercenary,,Bul-Kathos' Sacred Charge,0,0,0,0,1,0,0,0
Mercenary,,Tancred's Skull,0,0,0,0,1,0,0,0
Mercenary,,Rhyme,0,0,0,0,1,0,0,0
Mercenary,,Rune Mask,0,0,0,0,1,0,0,0
Mercenary,,Dire Veil,0,0,0,0,1,0,0,0
Mercenary,,Ancients' Pledge,0,0,0,0,1,0,0,0
Mercenary,,Peasant Crown,0,0,0,0,2,0,0,0
Mercenary,,Hellrack,0,0,0,0,1,0,0,0
Mercenary,,Gale Casque,0,0,0,0,1,0,0,0
Mercenary,,Hexfire,0,0,0,0,1,0,0,0
Mercenary,,Bul-Kathos' Tribal Guardian,0,0,0,0,1,0,0,0
Mercenary,,Doom Shell,0,0,0,0,1,0,0,0
Mercenary,,Mesh Armor,0,0,0,0,1,0,0,0
Mercenary,,Wraithra Flange,0,0,0,0,1,0,0,0
Mercenary,,Blinkbat's Form,0,0,0,0,1,0,0,0
Mercenary,,Biggin's Bonnet,0,0,0,0,1,0,0,0
Mercenary,,Steelgoad,0,0,0,0,1,0,0,0
Mercenary,,Honor,0,0,0,0,1,0,0,0
Mercenary,,M'avina's Embrace,0,0,0,0,1,0,0,0
Mercenary,,Dread Bite,0,0,0,0,1,0,0,0
Mercenary,,Ring Mail,0,0,0,0,1,0,0,0
Mercenary,,Trident,0,0,0,0,1,0,0,0
Mercenary,,Bitter Shroud,0,0,0,0,1,0,0,0
Mercenary,,Hone Sundan,0,0,0,0,1,0,0,0
Mercenary,,GhoulRI Horn,0,0,0,0,1,0,0,0
Mercenary,,The Spirit Shroud,0,0,0,0,1,0,0,0
Mercenary,,Wraith Flight,0,0,0,0,1,0,0,0
Mercenary,,Skullder's Ire,0,0,0,0,1,0,0,0
Mercenary,,Breast Plate,0,0,0,0,1,0,0,0
Mercenary,,Isenhart's Lightbrand,0,0,0,0,1,0,0,0
Mercenary,,Large Shield,0,0,0,0,1,0,0,0
Mercenary,,Bardiche,0,0,0,0,1,0,0,0
Mercenary,,Iceblink,0,0,0,0,1,0,0,0
Mercenary,,Strong Bone Helm of Radiance,0,0,0,0,1,0,0,0
Mercenary,,PlagueRI Shell,0,0,0,0,1,0,0,0
Mercenary,,Blood Barb,0,0,0,0,1,0,0,0
Mercenary Runeword,,Treachery,0,0,0,0,250,251,254,251
Mercenary Unique,,Vampire Gaze,0,0,0,0,159,163,162,165
Mercenary Runeword,,Insight,0,0,0,0,230,228,223,222
Mercenary Unique,,Steel Shade,0,0,0,0,282,282,286,286
Mercenary Runeword,,Doom,0,0,0,0,21,23,24,24
Mercenary Set,,Tal Rasha's Horadric Crest,0,0,0,0,253,251,244,237
Mercenary Runeword,,Harmony,0,0,0,0,42,42,45,44
Mercenary Unique,,Shaftstop,0,0,0,0,147,148,149,150
Mercenary Runeword,,Infinity,0,0,0,0,348,348,349,352
Mercenary Unique,,The Gladiator's Bane,0,0,0,0,87,87,88,90
Mercenary Unique,,The Reaper's Toll,0,0,0,0,96,96,96,95
Mercenary Unique,,Andariel's Visage,0,0,0,0,164,165,167,168
Mercenary Runeword,,Fortitude,0,0,0,0,233,238,240,245
Mercenary Unique,,Blackhorn's Face,0,0,0,0,8,8,9,9
Mercenary Unique,,Guardian Angel,0,0,0,0,34,34,35,35
Mercenary Unique,,Kira's Guardian,0,0,0,0,15,15,17,16
Mercenary Runeword,,Lawbringer,0,0,0,0,86,85,82,82
Mercenary Runeword,,Plague,0,0,0,0,32,33,34,33
Mercenary Runeword,,Phoenix,0,0,0,0,8,7,7,7
Mercenary Runeword,,Hustle,0,0,0,0,9,9,9,8
Mercenary Runeword,,Silence,0,0,0,0,44,42,43,45
Mercenary Unique,,Griffon's Eye,0,0,0,0,2,2,2,2
Mercenary Unique,,Skin of the Vipermagi,0,0,0,0,11,11,10,9
Mercenary Unique,,Azurewrath,0,0,0,0,7,7,7,7
Mercenary Runeword,,Spirit,0,0,0,0,32,32,30,30
Mercenary Unique,,Black Hades,0,0,0,0,8,7,7,8
Mercenary Unique,,Leviathan,0,0,0,0,67,67,69,69
Mercenary Set,,Sazabi's Mental Sheath,0,0,0,0,3,3,3,3
Mercenary Unique,,Bonehew,0,0,0,0,12,12,10,10
Mercenary Runeword,,Breath of the Dying,0,0,0,0,7,8,8,8
Mercenary Set,,Naj's Light Plate,0,0,0,0,14,14,13,13
Mercenary Unique,,Stormshield,0,0,0,0,21,20,21,20
Mercenary Unique,,Culwen's Point,0,0,0,0,4(+1),5(+1),5(+1),4(+1)
Mercenary Unique,,Gerke's Sanctuary,0,0,0,0,7,7,7,7
Mercenary Unique,,Duriel's Shell,0,0,0,0,90,86,83,78
Mercenary Runeword,,Faith,0,0,0,0,6,6,7,8
Mercenary Runeword,,Bulwark,0,0,0,0,11,10,10,10
Mercenary Unique,,Crown of Ages,0,0,0,0,19,19,21,22
Mercenary Unique,,Harlequin Crest,0,0,0,0,9,8,8,8
Mercenary Unique,,Tyrael's Might,0,0,0,0,2,2,2,2
Mercenary Unique,,Arkaine's Valor,0,0,0,0,6,6,7,7
Mercenary Runeword,,Pride,0,0,0,0,7,8,9,9
Mercenary Unique,,The Ward,0,0,0,0,4,4,3,3
Mercenary Unique,,Crown of Thieves,0,0,0,0,45,45,47,47
Mercenary Unique,,The Grandfather,0,0,0,0,14,14,14,13
Mercenary Runeword,,Hearth,0,0,0,0,4,4,4,4
Mercenary Unique,,Twitchthroe,0,0,0,0,4,4,4,4
Mercenary Unique,,Buriza-Do Kyanon,0,0,0,0,7(+1),7(+1),7(+1),7(+1)
Mercenary Set,,Guillaume's Face,0,0,0,0,21,21,17,17
Mercenary Runeword,,Last Wish,0,0,0,0,3,3,3,3
Mercenary Unique,,Steel Carapace,0,0,0,0,9,9,9,8
Mercenary Runeword,,Obedience,0,0,0,0,43,42,41,41
Mercenary Runeword,,Dream,0,0,0,0,6,6,7,7
Mercenary Unique,,Skin of the Flayed One,0,0,0,0,9,9,10,10
Mercenary Runeword,,Crescent Moon,0,0,0,0,1,1,1,1
Mercenary Runeword,,Chains of Honor,0,0,0,0,6,5,5,5
Mercenary Unique,,Tiamat's Rebuke,0,0,0,0,1,1,1,1
Mercenary Runeword,,Smoke,0,0,0,0,20,20,19,19
Mercenary Unique,,Dimoak's Hew,0,0,0,0,1,1,1,1
Mercenary Unique,,Templar's Might,0,0,0,0,1,1,1,1
Mercenary Set,,Natalya's Totem,0,0,0,0,9,9,10,10
Mercenary Unique,,Flamebellow,0,0,0,0,2,2,2,2
Mercenary Unique,,Corpsemourn,0,0,0,0,3,3,3,3
Mercenary Runeword,,Duress,0,0,0,0,6,6,6,6
Mercenary Runeword,,Enigma,0,0,0,0,1,1,1,1
Mercenary Unique,,Windforce,0,0,0,0,1,1,1,0
Mercenary Runeword,,Grief,0,0,0,0,1,1,1,1
Mercenary Runeword,,Oath,0,0,0,0,2,2,1,1
Mercenary Unique,,Headstriker,0,0,0,0,4,4,4,4
Mercenary Unique,,Giant Skull,0,0,0,0,7,7,7,8
Mercenary Set,,Hwanin's Splendor,0,0,0,0,3,3,3,3
Mercenary Runeword,,Unbending Will,0,0,0,0,4,4,4,4
Mercenary Unique,,Duskdeep,0,0,0,0,5,5,5,5
Mercenary Unique,,Arreat's Face,0,0,0,0,11,11,12,12
Mercenary Set,,Sigon's Guard,0,0,0,0,3,3,3,3
Mercenary Unique,,Arioc's Needle,0,0,0,0,2(+1),2(+1),2(+1),2(+1)
Mercenary Set,,Ondal's Almighty,0,0,0,0,1,1,1,1
Mercenary Set,,Tal Rasha's Guardianship,0,0,0,0,5,5,5,5
Mercenary Unique,,Stealskull,0,0,0,0,15,15,17,16
Mercenary Runeword,,Passion,0,0,0,0,1,1,1,1
Mercenary Unique,,Rockfleece,0,0,0,0,6,6,6,6
Mercenary Set,,Griswold's Valor,0,0,0,0,1,1,1,1
Mercenary Runeword,,Stone,0,0,0,0,9,9,9,9
Mercenary Unique,,Tomb Reaver,0,0,0,0,20,20,20,19
Mercenary Unique,,Lidless Wall,0,0,0,0,2,2,2,2
Mercenary Unique,,Veil of Steel,0,0,0,0,6,6,5,5
Mercenary Unique,,Silks of the Victor,0,0,0,0,2,2,2,2
Mercenary Runeword,,Gloom,0,0,0,0,2,2,2,2
Mercenary Runeword,,Destruction,0,0,0,0,1,1,1,1
Mercenary Unique,,Toothrow,0,0,0,0,4,4,5,5
Mercenary Unique,,Blade of Ali Baba,0,0,0,0,0(+2),0(+2),0(+2),0(+2)
Mercenary Set,,Sazabi's Ghost Liberator,0,0,0,0,1,1,1,1
Mercenary Set,,Sazabi's Cobalt Redeemer,0,0,0,0,1,1,1,1
Mercenary Set,,M'avina's True Sight,0,0,0,0,2,1,1,1
Mercenary Runeword,,2693,0,0,0,0,1,1,1,1
Mercenary Unique,,Blackoak Shield,0,0,0,0,2,2,2,2
Mercenary Runeword,,Bramble,0,0,0,0,3,3,4,4
Mercenary Set,,Arctic Furs,0,0,0,0,1,1,1,1
Mercenary Set,,Arctic Horn,0,0,0,0,1,1,1,1
Mercenary Runeword,,Prudence,0,0,0,0,1,1,1,1
Mercenary Unique,,Pus Spitter,0,0,0,0,1,1,1,1
Mercenary Runeword,,Edge,0,0,0,0,1,1,1,1
Mercenary Unique,,Bloodletter,0,0,0,0,0(+1),0(+1),0(+1),0(+1)
Mercenary Unique,,Plague Bearer,0,0,0,0,2,2,2,2
Mercenary Unique,,Moser's Blessed Circle,0,0,0,0,2,2,2,2
Mercenary Set,,Isenhart's Horns,0,0,0,0,2,2,2,2
Mercenary Unique,,Razortine,0,0,0,0,1,1,1,1
Mercenary Runeword,,Lionheart,0,0,0,0,6,6,4,4
Mercenary Unique,,Rattlecage,0,0,0,0,3,3,2,2
Mercenary Unique,,Rockstopper,0,0,0,0,7,8,9,9
Mercenary Set,,Naj's Circlet,0,0,0,0,5,4,4,4
Mercenary Unique,,Swordguard,0,0,0,0,0(+2),0(+2),0(+2),0(+2)
Mercenary Unique,,Darkglow,0,0,0,0,3,4,4,4
Mercenary Set,,Cathan's Visage,0,0,0,0,1,1,1,1
Mercenary Unique,,Undead Crown,0,0,0,0,2,2,2,2
Mercenary Unique,,Atma's Wail,0,0,0,0,2,3,2,1
Mercenary Set,,Trang-Oul's Scales,0,0,0,0,2,1,1,1
Mercenary Unique,,Goldskin,0,0,0,0,7,6,6,6
Mercenary Unique,,Iron Pelt,0,0,0,0,1,1,1,1
Mercenary Unique,,Steel Pillar,0,0,0,0,1,1,1,0
Mercenary Set,,Immortal King's Soul Cage,0,0,0,0,1,1,1,1
Mercenary Unique,,Viperfork,0,0,0,0,3,3,3,3
Mercenary Set,,Griswold's Heart,0,0,0,0,7,7,6,6
Mercenary Runeword,,Lore,0,0,0,0,1,1,1,1
Mercenary Unique,,Todesfaelle Flamme,0,0,0,0,4,4,5,5
Mercenary Unique,,Spirit Forge,0,0,0,0,2,2,1,1
Mercenary Unique,,Lightsabre,0,0,0,0,3,3,3,3
Mercenary Unique,,Blackleach Blade,0,0,0,0,1,1,2,2
Mercenary Set,,Dark Adherent,0,0,0,0,1,1,1,1
Mercenary Unique,,Darksight Helm,0,0,0,0,2,2,2,2
Mercenary Unique,,The Meat Scraper,0,0,0,0,1,1,1,1
Mercenary Unique,,Boneflesh,0,0,0,0,1,1,1,1
Mercenary Unique,,Athena's Wrath,0,0,0,0,0(+1),0(+1),0(+1),0(+1)
Mercenary Unique,,Wormskull,0,0,0,0,3,4,4,4
Mercenary Runeword,,Stealth,0,0,0,0,5,5,4,4
Mercenary Unique,,Heavenly Garb,0,0,0,0,2,2,2,2
Mercenary Set,,Isenhart's Case,0,0,0,0,1,1,1,1
Mercenary Set,,Berserker's Headgear,0,0,0,0,1,1,1,1
Mercenary Unique,,Nightwing's Veil,0,0,0,0,1,1,1,1
Mercenary Unique,,Lance of Yaggai,0,0,0,0,1,1,1,1
Mercenary Runeword,,Ice,0,0,0,0,1,0,1,1
Mercenary Unique,,Bing Sz Wang,0,0,0,0,3,3,3,3
Mercenary Set,,Infernal Cranium,0,0,0,0,1,1,1,1
Mercenary Unique,,Pelta Lunata,0,0,0,0,1,1,1,1
Mercenary Set,,Natalya's Shadow,0,0,0,0,2,2,1,1
Mercenary Unique,,Spike Thorn,0,0,0,0,1,1,1,1
Mercenary Unique,,Bloodthief,0,0,0,0,1,1,1,1
Mercenary Unique,,Howltusk,0,0,0,0,2,2,2,2
Mercenary Set,,Cleglaw's Tooth,0,0,0,0,1,1,1,1
Mercenary Unique,,The Vile Husk,0,0,0,0,2,2,2,2
Mercenary Unique,,Bloodmoon,0,0,0,0,1,1,1,1
Mercenary Set,,Haemosu's Adamant,0,0,0,0,2,2,2,2
Mercenary Set,,Sigon's Visor,0,0,0,0,1,1,1,1
Mercenary Unique,,Demonhorn's Edge,0,0,0,0,1,1,1,1
Mercenary Unique,,Que-Hegan's Wisdom,0,0,0,0,2,2,2,2
Mercenary Set,,Bul-Kathos' Sacred Charge,0,0,0,0,1,1,1,1
Mercenary Set,,Tancred's Skull,0,0,0,0,1,1,1,1
Mercenary Runeword,,Rhyme,0,0,0,0,1,1,1,1
Mercenary Runeword,,Ancients' Pledge,0,0,0,0,1,1,1,1
Mercenary Unique,,Peasant Crown,0,0,0,0,2,2,2,2
Mercenary Unique,,Hellrack,0,0,0,0,1,1,1,1
Mercenary Unique,,Hexfire,0,0,0,0,1,1,1,1
Mercenary Set,,Bul-Kathos' Tribal Guardian,0,0,0,0,1,1,1,1
Mercenary Unique,,Blinkbat's Form,0,0,0,0,1,1,1,1
Mercenary Unique,,Biggin's Bonnet,0,0,0,0,1,1,1,1
Mercenary Unique,,Steelgoad,0,0,0,0,1,1,1,1
Mercenary Runeword,,Honor,0,0,0,0,2,2,2,2
Mercenary Set,,M'avina's Embrace,0,0,0,0,1,1,1,1
Mercenary Unique,,Hone Sundan,0,0,0,0,1,1,1,1
Mercenary Unique,,The Spirit Shroud,0,0,0,0,1,1,1,1
Mercenary Unique,,Wraith Flight,0,0,0,0,1,1,1,1
Mercenary Unique,,Skullder's Ire,0,0,0,0,1,1,1,2
Mercenary Set,,Isenhart's Lightbrand,0,0,0,0,1,1,1,1
Mercenary Unique,,Iceblink,0,0,0,0,1,1,1,1
Mercenary Unique,,Doombringer,0,0,0,0,1,1,1(+1),1
Mercenary Unique,,Tarnhelm,0,0,0,0,1,0,0,0
Mercenary Runeword,,Radiance,0,0,0,0,1,1,1,1
Mercenary Runeword,,Death,0,0,0,0,1,1,1,0
Mercenary Unique,,Husoldal Evo,0,0,0,0,0(+1),0,0,0
Mercenary Unique,,Cloudcrack,0,0,0,0,0,0(+1),0(+1),0(+1)
Mercenary Unique,,Spirit Ward,0,0,0,0,0,1,0,0
Mercenary Runeword,,Wealth,0,0,0,0,0,1,1,1
Unique,,The Gavel of Pain,0,0,0,0,0,0,1,0
Mercenary Set,,Sigon's Shelter,0,0,0,0,0,0,1,0
Mercenary Unique,,The Face of Horror,0,0,0,0,0,0,1,0
Mercenary Unique,,The Dragon Chang,0,0,0,0,0,0,1,0
Mercenary Unique,,Medusa's Gaze,0,0,0,0,0,0,0,1
Mercenary Unique,,Radament's Sphere,0,0,0,0,0,0,0,1
Mercenary Runeword,,Mist,0,0,0,0,0,0,0,1
